id,gender,race/ethnicity,parent_education_level,lunch,test_prep_course,math
1001,female,group B,2,standard,none,72
1002,female,group C,5,standard,completed,69
1003,female,group B,4,standard,none,90
1004,male,group A,1,free/reduced,none,47
1005,male,group C,5,standard,none,76
1006,female,group B,1,standard,none,71
1007,female,group B,5,standard,completed,88
1008,male,group B,5,free/reduced,none,40
1009,male,group D,3,free/reduced,completed,64
1010,female,group B,3,free/reduced,none,38
1011,male,group C,1,standard,none,58
1012,male,group D,1,standard,none,40
1013,female,group B,3,standard,none,65
1014,male,group A,5,standard,completed,78
1015,female,group A,4,standard,none,50
1016,female,group C,6,standard,none,69
1017,male,group C,3,standard,none,88
1018,female,group B,6,free/reduced,none,18
1019,male,group C,4,free/reduced,completed,46
1020,female,group C,1,free/reduced,none,54
1021,male,group D,3,standard,none,66
1022,female,group B,5,free/reduced,completed,65
1023,male,group D,5,standard,none,44
1024,female,group C,6,standard,none,69
1025,male,group D,2,free/reduced,completed,74
1026,male,group A,4,free/reduced,none,73
1027,male,group B,5,standard,none,69
1028,female,group C,2,standard,none,67
1029,male,group C,3,standard,none,70
1030,female,group D,4,standard,none,62
1031,female,group D,5,standard,none,69
1032,female,group B,5,standard,none,63
1033,female,group E,4,free/reduced,none,56
1034,male,group D,5,standard,none,40
1035,male,group E,5,standard,none,97
1036,male,group E,1,standard,completed,81
1037,female,group D,1,standard,none,74
1038,female,group D,6,free/reduced,none,50
1039,female,group D,1,free/reduced,completed,75
1040,male,group B,1,free/reduced,none,57
1041,male,group C,1,free/reduced,none,55
1042,female,group C,1,standard,none,58
1043,female,group B,1,standard,none,53
1044,male,group B,5,free/reduced,completed,59
1045,female,group E,1,free/reduced,none,50
1046,male,group B,1,standard,none,65
1047,female,group A,1,standard,completed,55
1048,female,group C,3,standard,none,66
1049,female,group D,1,free/reduced,completed,57
1050,male,group C,3,standard,completed,82
1051,male,group E,5,standard,none,53
1052,male,group E,1,free/reduced,completed,77
1053,male,group C,5,standard,none,53
1054,male,group D,3,standard,none,88
1055,female,group C,6,free/reduced,completed,71
1056,female,group C,3,free/reduced,none,33
1057,female,group E,1,standard,completed,82
1058,male,group D,1,standard,none,52
1059,male,group D,5,standard,completed,58
1060,female,group C,6,free/reduced,none,0
1061,male,group E,2,free/reduced,completed,79
1062,male,group A,6,free/reduced,none,39
1063,male,group A,1,free/reduced,none,62
1064,female,group C,1,standard,none,69
1065,female,group D,6,standard,none,59
1066,male,group B,6,standard,none,67
1067,male,group D,6,free/reduced,none,45
1068,female,group C,5,standard,none,60
1069,male,group B,1,free/reduced,none,61
1070,female,group C,1,standard,none,39
1071,female,group D,5,free/reduced,completed,58
1072,male,group D,5,standard,completed,63
1073,female,group A,1,free/reduced,none,41
1074,male,group C,6,free/reduced,none,61
1075,male,group C,6,standard,none,49
1076,male,group B,1,free/reduced,none,44
1077,male,group E,6,standard,none,30
1078,male,group A,2,standard,completed,80
1079,female,group D,6,standard,completed,61
1080,female,group E,4,standard,none,62
1081,female,group B,1,standard,none,47
1082,male,group B,3,free/reduced,none,49
1083,male,group A,5,free/reduced,completed,50
1084,male,group E,1,standard,none,72
1085,male,group D,3,free/reduced,none,42
1086,female,group C,5,standard,none,73
1087,female,group C,5,free/reduced,none,76
1088,female,group D,1,standard,none,71
1089,female,group A,5,standard,none,58
1090,female,group D,6,standard,none,73
1091,female,group C,2,standard,none,65
1092,male,group C,3,free/reduced,none,27
1093,male,group C,3,standard,none,71
1094,male,group C,1,free/reduced,completed,43
1095,female,group B,5,standard,none,79
1096,male,group C,1,free/reduced,completed,78
1097,male,group B,6,standard,completed,65
1098,female,group E,5,standard,completed,63
1099,female,group D,5,free/reduced,none,58
1100,female,group D,2,standard,none,65
1101,male,group B,5,standard,none,79
1102,male,group D,2,standard,completed,68
1103,female,group D,1,standard,none,85
1104,male,group B,3,standard,completed,60
1105,male,group C,5,standard,completed,98
1106,female,group C,5,standard,none,58
1107,female,group D,4,standard,none,87
1108,male,group E,1,standard,completed,66
1109,female,group B,1,free/reduced,none,52
1110,female,group B,6,standard,none,70
1111,female,group D,1,free/reduced,completed,77
1112,male,group C,3,standard,none,62
1113,male,group A,1,standard,none,54
1114,female,group D,5,standard,none,51
1115,female,group E,2,standard,completed,99
1116,male,group C,3,standard,none,84
1117,female,group B,2,free/reduced,none,75
1118,female,group D,2,standard,none,78
1119,female,group D,6,standard,none,51
1120,female,group C,5,standard,none,55
1121,female,group C,2,standard,completed,79
1122,male,group B,1,standard,completed,91
1123,female,group C,5,standard,completed,88
1124,male,group D,3,free/reduced,none,63
1125,male,group E,5,standard,none,83
1126,female,group B,3,standard,none,87
1127,male,group B,6,standard,none,72
1128,male,group D,5,standard,completed,65
1129,male,group D,4,standard,none,82
1130,female,group A,2,standard,none,51
1131,male,group D,4,standard,none,89
1132,male,group C,6,free/reduced,completed,53
1133,male,group E,5,free/reduced,completed,87
1134,female,group C,5,standard,completed,75
1135,male,group D,2,free/reduced,completed,74
1136,male,group C,2,standard,none,58
1137,male,group B,6,standard,completed,51
1138,male,group E,3,standard,none,70
1139,female,group C,1,standard,none,59
1140,male,group D,5,standard,completed,71
1141,female,group D,6,standard,none,76
1142,female,group C,5,free/reduced,none,59
1143,female,group E,5,free/reduced,completed,42
1144,male,group A,3,standard,none,57
1145,male,group D,5,standard,none,88
1146,female,group C,5,free/reduced,none,22
1147,male,group B,6,standard,none,88
1148,male,group C,1,free/reduced,none,73
1149,female,group D,2,standard,completed,68
1150,male,group E,1,free/reduced,completed,100
1151,male,group A,6,standard,completed,62
1152,male,group A,2,standard,none,77
1153,female,group B,1,standard,completed,59
1154,male,group D,2,standard,none,54
1155,male,group D,6,standard,none,62
1156,female,group C,5,standard,completed,70
1157,female,group E,3,free/reduced,completed,66
1158,male,group B,5,free/reduced,none,60
1159,female,group B,1,standard,completed,61
1160,male,group D,1,free/reduced,none,66
1161,male,group B,1,free/reduced,completed,82
1162,female,group E,5,free/reduced,completed,75
1163,male,group B,4,free/reduced,none,49
1164,male,group C,3,standard,none,52
1165,female,group E,4,standard,none,81
1166,female,group C,2,standard,completed,96
1167,male,group C,3,free/reduced,completed,53
1168,female,group B,4,free/reduced,completed,58
1169,female,group B,3,standard,completed,68
1170,female,group C,5,free/reduced,completed,67
1171,male,group A,3,standard,completed,72
1172,male,group E,6,standard,none,94
1173,female,group D,5,standard,none,79
1174,female,group C,1,standard,none,63
1175,female,group C,2,free/reduced,completed,43
1176,female,group C,4,standard,completed,81
1177,female,group B,3,free/reduced,completed,46
1178,female,group C,1,standard,completed,71
1179,female,group B,4,free/reduced,completed,52
1180,female,group D,6,standard,completed,97
1181,male,group C,4,free/reduced,completed,62
1182,female,group C,5,free/reduced,none,46
1183,female,group E,3,standard,none,50
1184,female,group D,1,standard,none,65
1185,male,group C,6,free/reduced,completed,45
1186,male,group C,1,free/reduced,completed,65
1187,male,group E,3,standard,none,80
1188,male,group D,6,standard,completed,62
1189,male,group B,6,free/reduced,none,48
1190,female,group C,2,standard,none,77
1191,female,group E,1,standard,none,66
1192,male,group D,5,standard,completed,76
1193,female,group B,6,standard,none,62
1194,male,group D,5,standard,completed,77
1195,female,group C,4,standard,completed,69
1196,male,group D,1,standard,none,61
1197,male,group C,6,free/reduced,completed,59
1198,male,group E,3,free/reduced,none,55
1199,female,group B,5,free/reduced,none,45
1200,female,group B,2,free/reduced,none,78
1201,female,group C,1,standard,completed,67
1202,female,group D,5,free/reduced,none,65
1203,male,group C,1,standard,none,69
1204,female,group B,1,standard,none,57
1205,male,group C,5,standard,none,59
1206,male,group D,6,standard,completed,74
1207,male,group E,2,standard,none,82
1208,male,group E,3,standard,completed,81
1209,female,group B,5,free/reduced,none,74
1210,female,group B,5,free/reduced,none,58
1211,male,group D,6,free/reduced,completed,80
1212,male,group C,5,free/reduced,none,35
1213,female,group C,3,free/reduced,none,42
1214,male,group C,1,free/reduced,completed,60
1215,male,group E,3,standard,completed,87
1216,male,group B,6,standard,completed,84
1217,female,group E,1,free/reduced,completed,83
1218,female,group C,3,free/reduced,none,34
1219,male,group B,3,free/reduced,none,66
1220,male,group B,6,standard,completed,61
1221,female,group D,3,standard,completed,56
1222,male,group B,1,standard,none,87
1223,female,group C,6,free/reduced,none,55
1224,male,group D,6,standard,none,86
1225,female,group B,1,standard,completed,52
1226,female,group E,4,free/reduced,none,45
1227,female,group C,5,standard,none,72
1228,male,group D,3,standard,none,57
1229,male,group A,6,free/reduced,none,68
1230,female,group C,5,standard,completed,88
1231,male,group D,5,standard,none,76
1232,male,group C,1,standard,none,46
1233,female,group B,2,standard,none,67
1234,male,group E,6,standard,none,92
1235,male,group C,2,standard,completed,83
1236,male,group D,1,standard,none,80
1237,male,group D,2,free/reduced,none,63
1238,female,group D,6,standard,completed,64
1239,male,group B,5,standard,none,54
1240,male,group C,1,standard,none,84
1241,male,group D,3,free/reduced,completed,73
1242,female,group E,2,standard,none,80
1243,female,group D,3,standard,none,56
1244,male,group E,5,standard,none,59
1245,male,group D,6,standard,none,75
1246,male,group C,1,standard,none,85
1247,male,group E,1,standard,none,89
1248,female,group B,3,standard,completed,58
1249,female,group B,3,standard,none,65
1250,male,group C,3,standard,none,68
1251,male,group A,6,standard,completed,47
1252,female,group D,5,free/reduced,none,71
1253,female,group B,6,standard,completed,60
1254,male,group D,4,standard,none,80
1255,male,group D,3,standard,none,54
1256,female,group E,5,standard,none,62
1257,female,group C,1,free/reduced,none,64
1258,male,group C,1,standard,completed,78
1259,female,group B,5,standard,none,70
1260,female,group C,4,free/reduced,completed,65
1261,female,group C,6,free/reduced,completed,64
1262,male,group C,5,standard,completed,79
1263,female,group C,6,free/reduced,none,44
1264,female,group E,3,standard,none,99
1265,male,group D,3,standard,none,76
1266,male,group D,6,free/reduced,none,59
1267,female,group C,2,standard,none,63
1268,female,group D,3,standard,none,69
1269,female,group D,1,standard,completed,88
1270,female,group E,5,free/reduced,none,71
1271,male,group C,2,standard,none,69
1272,male,group C,5,standard,none,58
1273,female,group D,1,free/reduced,none,47
1274,female,group D,5,standard,none,65
1275,male,group B,5,standard,completed,88
1276,male,group C,2,standard,none,83
1277,female,group C,6,standard,completed,85
1278,female,group E,3,standard,completed,59
1279,female,group C,6,free/reduced,none,65
1280,male,group B,2,free/reduced,none,73
1281,male,group D,3,standard,none,53
1282,male,group D,3,standard,none,45
1283,female,group D,2,free/reduced,none,73
1284,female,group D,5,free/reduced,completed,70
1285,female,group B,6,standard,none,37
1286,male,group B,1,standard,completed,81
1287,male,group E,1,standard,completed,97
1288,female,group B,6,standard,none,67
1289,male,group B,2,free/reduced,none,88
1290,male,group E,6,standard,completed,77
1291,male,group C,1,standard,none,76
1292,male,group D,6,standard,none,86
1293,male,group C,6,standard,completed,63
1294,female,group E,2,standard,none,65
1295,male,group D,3,free/reduced,completed,78
1296,male,group B,1,free/reduced,none,67
1297,male,group A,6,standard,completed,46
1298,male,group E,1,standard,completed,71
1299,male,group C,3,free/reduced,completed,40
1300,male,group D,1,free/reduced,none,90
1301,male,group A,5,free/reduced,completed,81
1302,male,group D,6,free/reduced,none,56
1303,female,group C,1,standard,completed,67
1304,male,group B,1,standard,none,80
1305,female,group C,1,standard,completed,74
1306,male,group A,5,standard,none,69
1307,male,group E,5,standard,completed,99
1308,male,group C,6,standard,none,51
1309,female,group B,1,free/reduced,none,53
1310,female,group D,3,free/reduced,none,49
1311,female,group B,1,standard,none,73
1312,male,group B,2,standard,none,66
1313,male,group D,2,standard,completed,67
1314,female,group C,1,free/reduced,completed,68
1315,female,group C,2,standard,completed,59
1316,male,group C,3,standard,none,71
1317,female,group D,4,standard,completed,77
1318,male,group C,1,standard,none,83
1319,male,group B,2,standard,none,63
1320,female,group D,1,free/reduced,none,56
1321,female,group C,3,free/reduced,completed,67
1322,female,group E,3,standard,none,75
1323,female,group C,5,standard,none,71
1324,female,group C,6,free/reduced,none,43
1325,female,group C,3,free/reduced,none,41
1326,female,group C,5,standard,none,82
1327,male,group C,5,standard,none,61
1328,male,group A,5,free/reduced,none,28
1329,male,group C,1,standard,completed,82
1330,female,group B,6,standard,none,41
1331,male,group C,3,standard,none,71
1332,male,group C,1,standard,none,47
1333,male,group E,1,standard,completed,62
1334,male,group B,1,standard,none,90
1335,female,group C,2,standard,none,83
1336,female,group B,5,free/reduced,none,61
1337,male,group D,6,standard,completed,76
1338,male,group C,1,standard,none,49
1339,female,group B,6,free/reduced,none,24
1340,female,group D,6,free/reduced,completed,35
1341,male,group C,3,free/reduced,none,58
1342,female,group C,3,standard,none,61
1343,female,group B,3,standard,completed,69
1344,male,group D,1,standard,completed,67
1345,male,group D,5,standard,none,79
1346,female,group C,3,standard,none,72
1347,male,group B,5,standard,none,62
1348,female,group C,2,standard,completed,77
1349,male,group D,3,free/reduced,none,75
1350,male,group E,1,standard,none,87
1351,female,group B,2,standard,none,52
1352,male,group E,5,standard,none,66
1353,female,group C,5,standard,completed,63
1354,female,group C,1,standard,none,46
1355,female,group C,5,standard,none,59
1356,female,group B,2,standard,none,61
1357,male,group A,1,standard,none,63
1358,female,group C,5,free/reduced,completed,42
1359,male,group D,5,free/reduced,none,59
1360,female,group D,5,standard,none,80
1361,female,group B,3,standard,none,58
1362,male,group B,6,standard,completed,85
1363,female,group C,5,standard,none,52
1364,female,group D,6,free/reduced,none,27
1365,male,group C,5,standard,none,59
1366,male,group A,2,free/reduced,completed,49
1367,male,group C,3,standard,completed,69
1368,male,group C,2,free/reduced,none,61
1369,female,group A,6,free/reduced,none,44
1370,female,group D,6,standard,none,73
1371,male,group E,5,standard,none,84
1372,female,group C,5,free/reduced,completed,45
1373,male,group D,6,standard,none,74
1374,female,group D,5,standard,completed,82
1375,female,group D,2,standard,none,59
1376,male,group E,1,free/reduced,none,46
1377,female,group D,6,standard,none,80
1378,female,group D,4,free/reduced,completed,85
1379,female,group A,6,standard,none,71
1380,male,group A,2,standard,none,66
1381,female,group B,1,standard,none,80
1382,male,group C,1,standard,completed,87
1383,male,group C,4,free/reduced,none,79
1384,female,group E,6,free/reduced,none,38
1385,female,group A,6,free/reduced,none,38
1386,female,group E,5,standard,none,67
1387,female,group E,2,standard,none,64
1388,female,group C,1,free/reduced,none,57
1389,female,group D,3,standard,none,62
1390,male,group D,4,standard,none,73
1391,male,group E,6,free/reduced,completed,73
1392,female,group D,5,standard,none,77
1393,male,group E,5,standard,none,76
1394,male,group C,1,standard,completed,57
1395,female,group C,6,standard,completed,65
1396,male,group A,3,free/reduced,none,48
1397,female,group B,3,free/reduced,none,50
1398,female,group C,1,standard,none,85
1399,male,group B,6,standard,none,74
1400,male,group D,6,standard,none,60
1401,female,group C,6,standard,completed,59
1402,male,group A,5,standard,none,53
1403,female,group A,5,free/reduced,none,49
1404,female,group D,3,standard,completed,88
1405,female,group C,3,standard,none,54
1406,female,group C,6,standard,none,63
1407,male,group B,1,standard,completed,65
1408,female,group B,1,standard,none,82
1409,female,group D,3,free/reduced,completed,52
1410,male,group D,1,standard,completed,87
1411,female,group D,4,standard,completed,70
1412,male,group E,5,standard,completed,84
1413,male,group D,1,standard,none,71
1414,male,group B,6,standard,completed,63
1415,female,group C,2,free/reduced,completed,51
1416,male,group E,3,standard,none,84
1417,male,group C,2,standard,completed,71
1418,male,group C,1,standard,none,74
1419,male,group D,5,standard,none,68
1420,male,group E,3,free/reduced,completed,57
1421,female,group C,1,free/reduced,completed,82
1422,female,group D,3,standard,completed,57
1423,female,group D,4,free/reduced,completed,47
1424,female,group A,6,standard,completed,59
1425,male,group B,5,free/reduced,none,41
1426,female,group C,5,free/reduced,none,62
1427,male,group C,2,standard,none,86
1428,male,group C,6,free/reduced,none,69
1429,male,group A,6,free/reduced,none,65
1430,male,group C,6,free/reduced,none,68
1431,male,group C,1,free/reduced,none,64
1432,female,group C,3,standard,none,61
1433,male,group C,3,standard,none,61
1434,female,group A,6,free/reduced,none,47
1435,male,group C,6,standard,none,73
1436,male,group C,5,free/reduced,completed,50
1437,male,group D,1,standard,none,75
1438,male,group D,1,free/reduced,none,75
1439,male,group C,3,standard,none,70
1440,male,group D,6,standard,completed,89
1441,female,group C,5,standard,completed,67
1442,female,group D,3,standard,none,78
1443,female,group A,6,free/reduced,none,59
1444,female,group B,1,standard,none,73
1445,male,group A,6,free/reduced,none,79
1446,female,group C,6,standard,completed,67
1447,male,group D,5,free/reduced,none,69
1448,male,group C,3,standard,completed,86
1449,male,group B,3,standard,none,47
1450,male,group B,1,standard,none,81
1451,female,group C,5,free/reduced,completed,64
1452,female,group E,5,standard,none,100
1453,female,group C,1,free/reduced,none,65
1454,male,group C,5,free/reduced,none,65
1455,female,group C,1,free/reduced,none,53
1456,male,group C,2,free/reduced,none,37
1457,female,group D,2,standard,none,79
1458,male,group D,1,free/reduced,none,53
1459,female,group E,2,standard,none,100
1460,male,group B,3,standard,completed,72
1461,male,group C,2,free/reduced,none,53
1462,male,group B,5,free/reduced,none,54
1463,female,group E,5,standard,none,71
1464,female,group C,5,free/reduced,none,77
1465,male,group A,2,standard,completed,75
1466,female,group C,5,standard,none,84
1467,female,group D,1,free/reduced,none,26
1468,male,group A,3,free/reduced,completed,72
1469,female,group A,3,free/reduced,completed,77
1470,male,group C,5,standard,none,91
1471,female,group C,1,standard,completed,83
1472,female,group C,3,standard,none,63
1473,female,group C,1,standard,completed,68
1474,female,group D,6,standard,none,59
1475,female,group B,1,standard,completed,90
1476,female,group D,2,standard,completed,71
1477,male,group E,2,standard,completed,76
1478,male,group D,1,standard,none,80
1479,female,group D,4,standard,none,55
1480,male,group E,1,standard,none,76
1481,male,group B,3,standard,completed,73
1482,female,group D,1,free/reduced,none,52
1483,male,group C,5,free/reduced,none,68
1484,male,group A,3,standard,none,59
1485,female,group B,1,standard,none,49
1486,male,group C,3,standard,none,70
1487,male,group D,5,free/reduced,none,61
1488,female,group C,1,free/reduced,none,60
1489,male,group B,6,standard,completed,64
1490,male,group A,1,free/reduced,completed,79
1491,female,group A,1,free/reduced,none,65
1492,female,group C,1,standard,none,64
1493,female,group C,5,standard,none,83
1494,female,group C,2,standard,none,81
1495,female,group B,3,standard,none,54
1496,male,group D,3,standard,completed,68
1497,female,group C,5,standard,none,54
1498,female,group D,5,free/reduced,completed,59
1499,female,group B,6,standard,none,66
1500,male,group E,5,standard,none,76
1501,female,group D,4,standard,none,74
1502,female,group B,1,standard,completed,94
1503,male,group C,5,free/reduced,none,63
1504,female,group E,1,standard,completed,95
1505,female,group D,4,free/reduced,none,40
1506,female,group B,6,standard,none,82
1507,male,group A,3,standard,none,68
1508,male,group B,2,free/reduced,none,55
1509,male,group C,4,standard,none,79
1510,female,group C,2,standard,none,86
1511,male,group D,5,standard,none,76
1512,male,group A,6,standard,none,64
1513,male,group D,6,free/reduced,none,62
1514,female,group B,6,standard,completed,54
1515,female,group B,4,free/reduced,completed,77
1516,female,group C,6,standard,completed,76
1517,female,group D,5,standard,none,74
1518,female,group E,5,standard,completed,66
1519,female,group D,6,standard,completed,66
1520,female,group B,3,free/reduced,completed,67
1521,male,group D,5,standard,none,71
1522,female,group C,1,standard,none,91
1523,male,group D,2,standard,none,69
1524,male,group C,4,free/reduced,none,54
1525,male,group C,3,standard,completed,53
1526,male,group E,5,standard,none,68
1527,male,group C,6,free/reduced,completed,56
1528,female,group C,3,free/reduced,none,36
1529,female,group D,2,free/reduced,none,29
1530,female,group C,1,standard,none,62
1531,female,group C,1,standard,completed,68
1532,female,group C,6,standard,none,47
1533,male,group E,1,standard,completed,62
1534,female,group E,1,standard,completed,79
1535,male,group B,3,standard,completed,73
1536,female,group C,2,free/reduced,completed,66
1537,male,group C,1,standard,completed,51
1538,female,group D,3,standard,none,51
1539,male,group E,2,standard,completed,85
1540,male,group A,1,standard,completed,97
1541,male,group C,3,standard,completed,75
1542,male,group D,1,free/reduced,completed,79
1543,female,group C,1,standard,none,81
1544,female,group D,1,standard,none,82
1545,female,group D,4,standard,none,64
1546,male,group E,6,free/reduced,completed,78
1547,female,group A,6,standard,completed,92
1548,male,group C,3,standard,completed,72
1549,female,group C,3,free/reduced,none,62
1550,male,group C,4,standard,none,79
1551,male,group C,6,free/reduced,none,79
1552,male,group B,2,free/reduced,completed,87
1553,female,group B,1,standard,none,40
1554,male,group D,5,free/reduced,none,77
1555,male,group E,1,standard,none,53
1556,female,group C,5,free/reduced,none,32
1557,female,group C,1,standard,completed,55
1558,male,group C,4,free/reduced,none,61
1559,female,group B,1,free/reduced,none,53
1560,male,group D,6,standard,none,73
1561,female,group D,5,standard,completed,74
1562,female,group C,5,standard,none,63
1563,male,group C,2,standard,completed,96
1564,female,group D,5,free/reduced,completed,63
1565,male,group B,2,free/reduced,none,48
1566,male,group B,1,standard,none,48
1567,female,group E,2,free/reduced,completed,92
1568,female,group D,4,free/reduced,completed,61
1569,male,group B,3,free/reduced,none,63
1570,male,group D,2,free/reduced,none,68
1571,male,group B,5,standard,completed,71
1572,male,group A,2,standard,none,91
1573,female,group C,5,standard,none,53
1574,female,group C,3,free/reduced,completed,50
1575,female,group E,3,standard,none,74
1576,male,group A,1,free/reduced,completed,40
1577,male,group A,5,standard,completed,61
1578,female,group B,3,standard,none,81
1579,female,group B,5,free/reduced,completed,48
1580,female,group D,4,standard,none,53
1581,female,group D,6,standard,none,81
1582,female,group E,6,standard,none,77
1583,female,group D,2,free/reduced,none,63
1584,female,group D,1,standard,completed,73
1585,female,group D,5,standard,none,69
1586,female,group C,1,standard,none,65
1587,female,group A,3,standard,none,55
1588,female,group C,2,free/reduced,none,44
1589,female,group C,5,standard,none,54
1590,female,group A,6,standard,none,48
1591,male,group C,5,free/reduced,none,58
1592,male,group A,6,standard,none,71
1593,male,group E,2,standard,none,68
1594,female,group E,3,standard,none,74
1595,female,group C,2,standard,completed,92
1596,female,group C,2,standard,completed,56
1597,male,group B,3,free/reduced,none,30
1598,male,group A,6,standard,none,53
1599,female,group D,3,standard,none,69
1600,female,group D,6,standard,none,65
1601,female,group D,4,standard,none,54
1602,female,group C,3,standard,none,29
1603,female,group E,5,standard,none,76
1604,male,group D,3,free/reduced,none,60
1605,male,group D,4,free/reduced,completed,84
1606,male,group C,6,standard,none,75
1607,female,group C,1,standard,none,85
1608,female,group C,4,free/reduced,none,40
1609,female,group E,5,standard,none,61
1610,female,group B,1,standard,none,58
1611,male,group D,5,free/reduced,completed,69
1612,female,group C,5,standard,none,58
1613,male,group C,2,standard,completed,94
1614,female,group C,1,standard,none,65
1615,female,group A,1,standard,none,82
1616,female,group C,3,standard,none,60
1617,female,group E,2,standard,none,37
1618,male,group D,2,standard,none,88
1619,male,group D,4,standard,none,95
1620,male,group C,1,free/reduced,completed,65
1621,female,group C,3,free/reduced,none,35
1622,male,group B,2,free/reduced,none,62
1623,male,group C,3,free/reduced,completed,58
1624,male,group A,5,standard,completed,100
1625,female,group E,2,free/reduced,none,61
1626,male,group D,5,standard,completed,100
1627,male,group B,1,free/reduced,completed,69
1628,male,group D,1,standard,none,61
1629,male,group D,5,free/reduced,none,49
1630,female,group C,6,standard,completed,44
1631,male,group D,5,standard,none,67
1632,male,group B,3,standard,none,79
1633,female,group B,2,standard,completed,66
1634,female,group C,3,standard,none,75
1635,male,group D,6,standard,none,84
1636,male,group A,3,standard,none,71
1637,female,group B,3,free/reduced,completed,67
1638,female,group D,6,standard,completed,80
1639,male,group E,5,standard,none,86
1640,female,group D,1,standard,none,76
1641,male,group D,3,standard,none,41
1642,female,group D,1,free/reduced,completed,74
1643,female,group B,6,free/reduced,none,72
1644,female,group E,3,standard,completed,74
1645,male,group B,3,standard,none,70
1646,female,group B,2,standard,completed,65
1647,female,group D,1,standard,none,59
1648,female,group E,3,free/reduced,none,64
1649,female,group B,3,standard,none,50
1650,female,group D,5,standard,completed,69
1651,male,group C,6,free/reduced,completed,51
1652,female,group A,3,standard,completed,68
1653,female,group D,5,standard,completed,85
1654,female,group A,1,standard,completed,65
1655,female,group B,6,standard,none,73
1656,female,group B,5,standard,none,62
1657,male,group C,1,free/reduced,none,77
1658,male,group D,6,standard,none,69
1659,female,group D,1,free/reduced,none,43
1660,male,group D,1,standard,none,90
1661,male,group C,5,free/reduced,none,74
1662,male,group C,6,standard,none,73
1663,female,group D,5,free/reduced,none,55
1664,female,group C,3,standard,none,65
1665,male,group D,1,standard,none,80
1666,female,group C,6,free/reduced,completed,50
1667,female,group C,5,free/reduced,completed,63
1668,female,group B,2,free/reduced,none,77
1669,male,group C,5,standard,none,73
1670,male,group D,1,standard,completed,81
1671,female,group C,3,free/reduced,none,66
1672,male,group D,1,free/reduced,none,52
1673,female,group C,5,standard,none,69
1674,female,group C,1,standard,completed,65
1675,female,group D,3,standard,completed,69
1676,female,group B,5,standard,completed,50
1677,female,group E,5,standard,completed,73
1678,female,group C,6,standard,completed,70
1679,male,group D,1,free/reduced,none,81
1680,male,group D,5,free/reduced,none,63
1681,female,group D,3,standard,none,67
1682,male,group B,3,standard,none,60
1683,male,group B,3,standard,none,62
1684,female,group C,6,free/reduced,completed,29
1685,male,group B,5,standard,completed,62
1686,female,group E,4,standard,completed,94
1687,male,group E,5,standard,completed,85
1688,male,group D,1,free/reduced,none,77
1689,male,group A,3,free/reduced,none,53
1690,male,group E,5,free/reduced,none,93
1691,female,group C,1,standard,none,49
1692,female,group E,1,free/reduced,none,73
1693,female,group C,2,free/reduced,completed,66
1694,female,group D,1,standard,none,77
1695,female,group C,6,standard,none,49
1696,female,group D,5,free/reduced,none,79
1697,female,group C,1,standard,completed,75
1698,female,group A,2,standard,none,59
1699,female,group D,1,standard,completed,57
1700,male,group C,3,free/reduced,none,66
1701,female,group E,2,standard,completed,79
1702,female,group B,6,standard,none,57
1703,male,group A,2,standard,completed,87
1704,female,group D,5,standard,none,63
1705,female,group B,6,free/reduced,completed,59
1706,male,group A,2,free/reduced,none,62
1707,male,group D,3,standard,none,46
1708,male,group C,5,standard,none,66
1709,male,group D,3,standard,none,89
1710,female,group D,1,free/reduced,completed,42
1711,male,group C,5,standard,completed,93
1712,female,group E,6,standard,completed,80
1713,female,group D,5,standard,none,98
1714,male,group D,4,standard,none,81
1715,female,group B,6,standard,completed,60
1716,female,group B,1,free/reduced,completed,76
1717,male,group C,1,standard,completed,73
1718,female,group C,1,standard,completed,96
1719,female,group C,3,standard,none,76
1720,male,group E,1,free/reduced,completed,91
1721,female,group C,5,free/reduced,none,62
1722,male,group D,6,free/reduced,completed,55
1723,female,group B,6,free/reduced,completed,74
1724,male,group C,3,standard,none,50
1725,male,group B,5,standard,none,47
1726,male,group E,5,standard,completed,81
1727,female,group E,1,standard,completed,65
1728,male,group E,6,standard,completed,68
1729,female,group D,3,free/reduced,none,73
1730,male,group C,5,standard,none,53
1731,female,group B,1,free/reduced,completed,68
1732,male,group A,6,free/reduced,none,55
1733,female,group C,5,standard,completed,87
1734,male,group D,6,standard,none,55
1735,female,group E,5,free/reduced,none,53
1736,male,group C,4,standard,none,67
1737,male,group C,1,standard,none,92
1738,female,group B,5,free/reduced,completed,53
1739,male,group D,1,standard,none,81
1740,male,group C,3,free/reduced,none,61
1741,male,group D,2,standard,none,80
1742,female,group A,1,free/reduced,none,37
1743,female,group C,3,standard,none,81
1744,female,group C,1,standard,completed,59
1745,male,group B,5,free/reduced,none,55
1746,male,group D,1,standard,none,72
1747,male,group D,3,standard,none,69
1748,male,group C,5,standard,none,69
1749,female,group C,2,free/reduced,none,50
1750,male,group B,5,standard,completed,87
1751,male,group D,6,standard,completed,71
1752,male,group E,5,standard,none,68
1753,male,group C,4,free/reduced,completed,79
1754,female,group C,6,standard,completed,77
1755,male,group C,1,free/reduced,none,58
1756,female,group E,1,standard,none,84
1757,male,group D,5,standard,none,55
1758,male,group E,2,free/reduced,completed,70
1759,female,group D,5,free/reduced,completed,52
1760,male,group B,5,standard,completed,69
1761,female,group C,3,free/reduced,none,53
1762,female,group D,6,standard,none,48
1763,male,group D,6,standard,completed,78
1764,female,group B,3,standard,none,62
1765,male,group D,5,standard,none,60
1766,female,group B,3,standard,none,74
1767,female,group C,3,standard,completed,58
1768,male,group B,3,standard,completed,76
1769,female,group D,6,standard,none,68
1770,male,group A,5,free/reduced,none,58
1771,male,group B,3,standard,none,52
1772,male,group D,2,standard,none,75
1773,female,group B,6,free/reduced,completed,52
1774,female,group C,2,free/reduced,none,62
1775,male,group B,5,standard,none,66
1776,female,group B,6,free/reduced,none,49
1777,female,group B,3,standard,none,66
1778,female,group C,5,free/reduced,none,35
1779,female,group A,5,standard,completed,72
1780,male,group E,1,standard,completed,94
1781,female,group D,1,free/reduced,none,46
1782,female,group B,4,standard,none,77
1783,female,group B,3,free/reduced,completed,76
1784,female,group C,1,standard,completed,52
1785,male,group C,2,standard,completed,91
1786,female,group B,6,standard,completed,32
1787,female,group E,6,free/reduced,none,72
1788,female,group B,5,standard,none,19
1789,male,group C,1,free/reduced,none,68
1790,female,group C,4,free/reduced,none,52
1791,female,group B,3,standard,none,48
1792,female,group D,5,free/reduced,none,60
1793,male,group D,3,free/reduced,none,66
1794,male,group E,6,standard,completed,89
1795,female,group B,3,standard,none,42
1796,female,group E,1,free/reduced,completed,57
1797,male,group D,3,standard,none,70
1798,female,group E,1,free/reduced,none,70
1799,male,group E,5,standard,none,69
1800,female,group C,1,standard,none,52
1801,male,group C,6,standard,completed,67
1802,male,group C,6,standard,completed,76
1803,female,group E,1,standard,none,87
1804,female,group B,5,standard,none,82
1805,female,group C,5,standard,none,73
1806,male,group A,5,free/reduced,none,75
1807,female,group D,5,free/reduced,none,64
1808,female,group E,3,free/reduced,none,41
1809,male,group C,3,standard,none,90
1810,male,group B,2,standard,none,59
1811,male,group A,6,standard,none,51
1812,male,group A,3,free/reduced,none,45
1813,female,group C,4,standard,completed,54
1814,male,group E,6,standard,completed,87
1815,female,group C,3,standard,none,72
1816,male,group B,6,standard,completed,94
1817,female,group A,2,standard,none,45
1818,male,group D,2,free/reduced,completed,61
1819,female,group B,3,free/reduced,none,60
1820,female,group C,6,standard,none,77
1821,female,group A,6,standard,completed,85
1822,female,group D,2,free/reduced,none,78
1823,male,group E,5,free/reduced,completed,49
1824,female,group B,3,free/reduced,none,71
1825,female,group C,6,free/reduced,none,48
1826,male,group C,3,standard,none,62
1827,female,group C,1,free/reduced,completed,56
1828,female,group C,6,standard,none,65
1829,female,group D,6,free/reduced,completed,69
1830,male,group B,6,standard,none,68
1831,female,group A,5,free/reduced,none,61
1832,female,group C,2,free/reduced,completed,74
1833,male,group A,2,standard,none,64
1834,female,group B,3,standard,completed,77
1835,male,group B,5,standard,none,58
1836,female,group C,3,standard,completed,60
1837,male,group E,3,standard,none,73
1838,female,group A,3,standard,completed,75
1839,male,group B,1,free/reduced,completed,58
1840,female,group C,1,standard,none,66
1841,female,group D,3,free/reduced,none,39
1842,male,group C,6,standard,none,64
1843,female,group B,3,free/reduced,completed,23
1844,male,group B,5,free/reduced,completed,74
1845,female,group D,6,free/reduced,completed,40
1846,male,group E,4,standard,none,90
1847,male,group C,4,standard,completed,91
1848,male,group D,3,standard,none,64
1849,female,group C,3,standard,none,59
1850,male,group D,1,standard,none,80
1851,male,group C,4,standard,none,71
1852,female,group A,3,standard,none,61
1853,female,group E,5,standard,none,87
1854,male,group E,6,standard,none,82
1855,male,group C,6,standard,none,62
1856,female,group B,2,standard,none,97
1857,male,group B,5,free/reduced,none,75
1858,female,group C,2,standard,none,65
1859,male,group B,3,standard,completed,52
1860,male,group C,1,free/reduced,none,87
1861,female,group C,1,standard,none,53
1862,female,group E,4,free/reduced,none,81
1863,male,group D,2,free/reduced,completed,39
1864,female,group C,5,standard,completed,71
1865,male,group C,1,standard,none,97
1866,male,group D,5,standard,completed,82
1867,male,group C,3,free/reduced,none,59
1868,male,group B,1,standard,none,61
1869,male,group E,1,free/reduced,completed,78
1870,male,group C,1,free/reduced,none,49
1871,male,group B,3,standard,none,59
1872,female,group C,5,standard,completed,70
1873,male,group B,1,standard,completed,82
1874,male,group E,1,free/reduced,none,90
1875,female,group C,2,free/reduced,none,43
1876,male,group C,5,free/reduced,none,80
1877,male,group D,5,standard,none,81
1878,male,group C,6,standard,none,57
1879,female,group D,6,standard,none,59
1880,female,group D,1,standard,none,64
1881,male,group C,2,standard,completed,63
1882,female,group E,2,standard,completed,71
1883,female,group B,3,free/reduced,none,64
1884,male,group D,2,free/reduced,none,55
1885,female,group E,1,standard,none,51
1886,female,group C,1,standard,completed,62
1887,female,group E,1,standard,completed,93
1888,male,group C,3,free/reduced,none,54
1889,female,group D,5,free/reduced,none,69
1890,male,group D,3,free/reduced,none,44
1891,female,group E,5,standard,completed,86
1892,female,group E,1,standard,none,85
1893,female,group A,4,free/reduced,none,50
1894,male,group D,6,standard,completed,88
1895,female,group E,1,standard,none,59
1896,female,group E,6,free/reduced,none,32
1897,male,group B,3,free/reduced,none,36
1898,female,group B,6,free/reduced,completed,63
1899,male,group D,1,standard,completed,67
1900,female,group D,6,standard,completed,65
1901,male,group D,4,standard,none,85
1902,female,group C,4,standard,none,73
1903,female,group A,3,free/reduced,completed,34
1904,female,group D,2,free/reduced,completed,93
1905,female,group D,6,free/reduced,none,67
1906,male,group D,5,standard,none,88
1907,male,group B,3,standard,none,57
1908,female,group D,5,standard,completed,79
1909,female,group C,2,free/reduced,none,67
1910,male,group E,2,standard,completed,70
1911,male,group D,2,free/reduced,none,50
1912,female,group A,5,standard,none,69
1913,female,group C,2,standard,completed,52
1914,female,group C,2,free/reduced,completed,47
1915,female,group B,1,free/reduced,none,46
1916,female,group E,5,standard,none,68
1917,male,group E,2,standard,completed,100
1918,female,group C,3,standard,none,44
1919,female,group C,1,standard,completed,57
1920,male,group B,5,standard,completed,91
1921,male,group D,3,free/reduced,none,69
1922,female,group C,3,free/reduced,none,35
1923,male,group D,3,standard,none,72
1924,female,group B,1,free/reduced,none,54
1925,male,group D,3,free/reduced,none,74
1926,male,group E,6,standard,completed,74
1927,male,group E,1,free/reduced,none,64
1928,female,group D,3,free/reduced,completed,65
1929,male,group E,1,free/reduced,completed,46
1930,female,group C,6,free/reduced,none,48
1931,male,group C,5,free/reduced,completed,67
1932,male,group D,5,free/reduced,none,62
1933,male,group D,1,free/reduced,completed,61
1934,male,group C,2,free/reduced,completed,70
1935,male,group C,1,standard,completed,98
1936,male,group D,5,free/reduced,none,70
1937,male,group A,1,standard,none,67
1938,female,group E,3,free/reduced,none,57
1939,male,group D,5,standard,completed,85
1940,male,group D,6,standard,completed,77
1941,male,group C,4,free/reduced,completed,72
1942,female,group D,4,standard,none,78
1943,male,group C,3,standard,none,81
1944,male,group A,6,free/reduced,completed,61
1945,female,group B,3,standard,none,58
1946,female,group C,1,standard,none,54
1947,male,group B,3,standard,none,82
1948,female,group D,5,free/reduced,none,49
1949,male,group B,6,free/reduced,completed,49
1950,female,group E,3,free/reduced,completed,57
1951,male,group E,3,standard,none,94
1952,female,group D,5,standard,completed,75
1953,female,group E,6,free/reduced,none,74
1954,male,group C,3,standard,completed,58
1955,female,group C,5,standard,none,62
1956,male,group E,1,standard,none,72
1957,male,group C,5,standard,none,84
1958,female,group D,4,standard,none,92
1959,female,group D,3,standard,none,45
1960,male,group C,3,standard,none,75
1961,female,group A,5,standard,none,56
1962,female,group D,6,free/reduced,none,48
1963,female,group E,1,standard,none,100
1964,female,group C,6,free/reduced,completed,65
1965,male,group D,5,standard,none,72
1966,female,group D,5,standard,none,62
1967,male,group A,6,standard,completed,66
1968,male,group C,5,standard,none,63
1969,female,group E,1,standard,none,68
1970,female,group B,2,standard,none,75
1971,female,group D,2,standard,none,89
1972,male,group C,6,standard,completed,78
1973,female,group A,3,free/reduced,completed,53
1974,female,group D,5,free/reduced,none,49
1975,female,group A,5,standard,none,54
1976,female,group C,5,standard,completed,64
1977,male,group B,5,free/reduced,completed,60
1978,male,group C,1,standard,none,62
1979,male,group D,3,standard,completed,55
1980,female,group C,1,standard,none,91
1981,female,group B,3,free/reduced,none,8
1982,male,group D,6,standard,none,81
1983,male,group B,6,standard,completed,79
1984,female,group A,5,standard,completed,78
1985,female,group C,6,standard,none,74
1986,male,group A,3,standard,none,57
1987,female,group C,1,standard,none,40
1988,male,group E,6,standard,completed,81
1989,female,group A,6,free/reduced,none,44
1990,female,group D,5,free/reduced,completed,67
1991,male,group E,3,free/reduced,completed,86
1992,female,group B,6,standard,completed,65
1993,female,group D,1,free/reduced,none,55
1994,female,group D,2,free/reduced,none,62
1995,male,group A,3,standard,none,63
1996,female,group E,4,standard,completed,88
1997,male,group C,3,free/reduced,none,62
1998,female,group C,3,free/reduced,completed,59
1999,female,group D,5,standard,completed,68
2000,female,group D,5,free/reduced,none,77
