via_denominazione_portale,Civico,forma_vendita_edicole,CAP,MUNICIPIO,ID_NIL,NIL,LONG_X_4326,LAT_Y_4326,Location
Via Pecorari 2,2.0,Edicola su suolo pubblico,20122,1,1,DUOMO,9.191453797611382,45.46234282588725,"(45.46234282588725, 9.191453797611382)"
Piazza Missori fr. civico 8,8.0,Edicola su suolo pubblico,20122,1,1,DUOMO,9.187973999983493,45.460691999988754,"(45.460691999988754, 9.187973999983491)"
Via Monte San Gabriele 1,1.0,Rivendita in negozio,20127,2,16,GORLA - PRECOTTO,9.22271804590428,45.50499918795733,"(45.50499918795733, 9.22271804590428)"
Piazza Oberdan 10,10.0,Edicola su suolo pubblico,20129,3,21,BUENOS AIRES - PORTA VENEZIA - PORTA MONFORTE,9.20616299982147,45.47464199980203,"(45.47464199980203, 9.20616299982147)"
Via Bazzini 34,34.0,Rivendita in negozio,20131,3,22,CITTA' STUDI,9.225211722420594,45.48416688173783,"(45.48416688173783, 9.225211722420594)"
Piazza Fusina 1,1.0,Edicola su suolo pubblico,20133,3,22,CITTA' STUDI,9.229845900104364,45.468644580039935,"(45.468644580039935, 9.229845900104365)"
Via S. Benigno 4,4.0,Rivendita in negozio,20133,3,22,CITTA' STUDI,9.236857038894504,45.47078961892429,"(45.47078961892429, 9.236857038894504)"
Via Galvano Fiamma 20,20.0,Rivendita in negozio,20129,4,26,XXII MARZO,9.211450579703532,45.464730320824174,"(45.464730320824174, 9.211450579703532)"
Viale Umbria 109,109.0,Rivendita in negozio,20135,4,27,PTA ROMANA,9.21226028606632,45.4504012892191,"(45.4504012892191, 9.212260286066321)"
Via Mecenate 2,2.0,Rivendita in negozio,20138,4,30,TALIEDO - MORSENCHIO - Q.RE FORLANINI,9.24226558681104,45.456869184227216,"(45.456869184227216, 9.24226558681104)"
Via Oglio 20,20.0,Edicola su suolo pubblico,20139,4,35,LODI - CORVETTO,9.217406454054668,45.4399484359522,"(45.4399484359522, 9.217406454054668)"
Via Ripamonti 2,2.0,Edicola su suolo pubblico,20136,5,5,PORTA VIGENTINA - PORTA LODOVICA,9.196398783400268,45.45149089186448,"(45.451490891864474, 9.196398783400268)"
Via Val di Sole 22,22.0,Edicola,20141,5,38,VIGENTINO - Q.RE FATIMA,9.203595386567352,45.4301261399763,"(45.4301261399763, 9.203595386567352)"
Via Saponaro 52,52.0,Edicola su suolo privato,20142,5,41,GRATOSOGLIO - Q.RE MISSAGLIA - Q.RE TERRAZZE,9.172001479023082,45.40475431801556,"(45.40475431801556, 9.172001479023082)"
Via S. Rita da Cascia 35,35.0,Rivendita in negozio,20143,6,45,MONCUCCO - SAN CRISTOFORO,9.151922211824916,45.43977552625312,"(45.43977552625312, 9.151922211824916)"
Viale Famagosta 2,2.0,Rivendita in negozio,20142,6,46,BARONA,9.155084727189411,45.436814662076,"(45.436814662076, 9.155084727189411)"
Via Lodovico il Moro 159,159.0,Rivendita in negozio,20142,6,48,RONCHETTO SUL NAVIGLIO - Q.RE LODOVICO IL MORO,9.129722113869136,45.44098191529842,"(45.44098191529842, 9.129722113869136)"
Via Dei Biancospini 2,2.0,Rivendita in negozio,20146,6,49,GIAMBELLINO,9.139704821228635,45.4483115328449,"(45.4483115328449, 9.139704821228635)"
Via Ricciarelli 37,37.0,Rivendita in negozio,20148,7,57,SAN SIRO,9.138190929107871,45.46918100916205,"(45.46918100916205, 9.138190929107873)"
Via Monte Rosa 69,69.0,Edicola,20149,7,58,DE ANGELI - MONTE ROSA,9.148410878838986,45.47539503321839,"(45.47539503321839, 9.148410878838986)"
Piazzale Baracca 10,10.0,Edicola su suolo pubblico,20123,7,68,PAGANO,9.164824227363836,45.46649943180143,"(45.46649943180143, 9.164824227363837)"
Via Cechov fr. civico 41,41.0,Edicola su suolo pubblico,20151,8,65,Q.RE GALLARATESE - Q.RE SAN LEONARDO - LAMPUGNANO,9.113755500230004,45.49432500021491,"(45.49432500021491, 9.113755500230004)"
Via Masolino da Panicale 7,7.0,Edicola su suolo pubblico,20155,8,71,VILLAPIZZONE - CAGNOLA - BOLDINASCO,9.151281954674152,45.493380423216,"(45.493380423215996, 9.151281954674152)"
Via Pellegrino Rossi 90,90.0,Rivendita in negozio,20161,9,80,AFFORI,9.173112588130008,45.51493110973512,"(45.514931109735116, 9.173112588130008)"
